case_id	original_status	original_attempts	provider	finding	scenario	original_blocker	next_proof
F01	FAIL	1	legacy_webrtc	D1	Cold Android to iPhone video; three iPhone mic cycles		Reproduce with correlated iOS audio-session, track/sender, durable-write and rollback trace; repair then physical retest.
F02	DEPENDENCY BLOCKED	1	legacy_webrtc	PREREQUISITE	Immediate same-thread Android to iPhone video replacement	No consenting on-site observer was available for real media assertions	Repeat original scenario with consenting physical audio/motion observation or independent physical test rig; collect receiver and cleanup evidence.
F03	FAIL	1	legacy_webrtc	D2	Settled-cleanup Android to iPhone video replacement		Camera-off rendering repaired in source; install/retest. Flip remains open; collect capture/encoder/sender/decoder/render progression.
F04	DEPENDENCY BLOCKED	1	legacy_webrtc	PREREQUISITE	Cold iPhone to Android video; three Android mic cycles	No consenting observer was physically present to attest two-way audible speech or unmistakable moving remote video	Repeat original scenario with consenting physical audio/motion observation or independent physical test rig; collect receiver and cleanup evidence.
F05	DEPENDENCY BLOCKED	1	legacy_webrtc	PREREQUISITE	Immediate same-thread iPhone to Android video replacement	No consenting on-site observer was available for real media assertions	Repeat original scenario with consenting physical audio/motion observation or independent physical test rig; collect receiver and cleanup evidence.
F06	FAIL	1	legacy_webrtc	D2	Settled-cleanup iPhone to Android video replacement		Camera-off rendering repaired in source; install/retest. Flip remains open; collect capture/encoder/sender/decoder/render progression.
F07	FAIL	1	legacy_webrtc	D7	Android background before/during mic recovery; foreground before settle		Foreground-intent loss repaired in source; verify native eligibility, install and prove automatic physical microphone capture.
F08	DEPENDENCY BLOCKED	0	legacy_webrtc	D1	iPhone background before/during mic recovery; foreground before settle	Dependent on a working/pending iPhone recovery sequence	Reproduce with correlated iOS audio-session, track/sender, durable-write and rollback trace; repair then physical retest.
BL01	FAIL	2	legacy_webrtc	D3	Android to iPhone voice; receiver same thread		New same-thread ordering test passes old source; collect real native-request/delegate/route/server timeline to reproduce no-op.
BL02	DEPENDENCY BLOCKED	2	legacy_webrtc	D6	Android to iPhone voice; receiver elsewhere in app	No consenting physical observer was present to attest two-way audible speech	Native handoff failure remains open; test real cold/hydrated JS, exact UUID/account and audio activation; then End/real media.
BL03	AUTOMATION BLOCKED	2	legacy_webrtc	PREREQUISITE	Android to iPhone voice; receiver backgrounded	System-owned compact CallKit banner Answer remained non-actionable through the available Appium session	Owner uses system CallKit Answer; retain timeline and two-way audio proof after exact thread handoff.
BL04	DEPENDENCY BLOCKED	1	legacy_webrtc	PREREQUISITE	Android to iPhone voice; receiver terminated	No consenting physical observer was present to attest two-way audible speech	Repeat original scenario with consenting physical audio/motion observation or independent physical test rig; collect receiver and cleanup evidence.
BL05	DEPENDENCY BLOCKED	1	legacy_webrtc	PREREQUISITE	Android to iPhone video; receiver same thread	No consenting on-site observer was available for real media assertions	Repeat original scenario with consenting physical audio/motion observation or independent physical test rig; collect receiver and cleanup evidence.
BL06	DEPENDENCY BLOCKED	1	legacy_webrtc	D6	Android to iPhone video; receiver elsewhere in app	No consenting physical observer was present to attest moving video and audible speech	Native handoff failure remains open; test real cold/hydrated JS, exact UUID/account and audio activation; then End/real media.
BL07	FAIL	1	legacy_webrtc	D5	Android to iPhone video; receiver backgrounded		Correlate APNs request, device PushKit receipt, CallKit presentation callback and observed deadline for video.
BL08	FAIL	1	legacy_webrtc	D5	Android to iPhone video; receiver terminated		Correlate APNs request, device PushKit receipt, CallKit presentation callback and observed deadline for video.
BL09	DEPENDENCY BLOCKED	1	legacy_webrtc	PREREQUISITE	iPhone to Android voice; receiver same thread	Audible two-way speech cannot be established by automation or status labels	Repeat original scenario with consenting physical audio/motion observation or independent physical test rig; collect receiver and cleanup evidence.
BL10	DEPENDENCY BLOCKED	1	legacy_webrtc	PREREQUISITE	iPhone to Android voice; receiver elsewhere in app	No consenting physical observer was present to attest two-way audible speech	Repeat original scenario with consenting physical audio/motion observation or independent physical test rig; collect receiver and cleanup evidence.
BL11	FAIL	1	legacy_webrtc	D7	iPhone to Android voice; receiver backgrounded		Foreground-intent loss repaired in source; verify native eligibility, install and prove automatic physical microphone capture.
BL12	DEPENDENCY BLOCKED	1	legacy_webrtc	PREREQUISITE	iPhone to Android voice; receiver force-stopped	No consenting physical observer was present to attest two-way audible speech	Preserve correct force-stop/reopen semantics; demonstrate current unexpired invite and actual bidirectional media after manual relaunch.
BL13	DEPENDENCY BLOCKED	1	legacy_webrtc	PREREQUISITE	iPhone to Android video; receiver same thread	No consenting physical observer was present to attest real audio/video	Repeat original scenario with consenting physical audio/motion observation or independent physical test rig; collect receiver and cleanup evidence.
BL14	DEPENDENCY BLOCKED	1	legacy_webrtc	PREREQUISITE	iPhone to Android video; receiver elsewhere in app	No consenting physical observer was present to attest real audio/video	Repeat original scenario with consenting physical audio/motion observation or independent physical test rig; collect receiver and cleanup evidence.
BL15	DEPENDENCY BLOCKED	1	legacy_webrtc	PREREQUISITE	iPhone to Android video; receiver backgrounded	No consenting on-site observer was available for real media assertions	Repeat original scenario with consenting physical audio/motion observation or independent physical test rig; collect receiver and cleanup evidence.
BL16	DEPENDENCY BLOCKED	1	legacy_webrtc	PREREQUISITE	iPhone to Android video; receiver force-stopped	No consenting on-site observer was available for real media assertions	Preserve correct force-stop/reopen semantics; demonstrate current unexpired invite and actual bidirectional media after manual relaunch.
CA01	PASS	1	legacy_webrtc	REGRESSION	Android to iPhone voice cancel before answer		Rerun the original assertions on the changed installed candidate; retain paired terminal/message/state evidence.
CA02	PASS	1	legacy_webrtc	REGRESSION	Android to iPhone video cancel before answer		Rerun the original assertions on the changed installed candidate; retain paired terminal/message/state evidence.
CA03	PASS	1	legacy_webrtc	REGRESSION	iPhone to Android voice cancel before answer		Rerun the original assertions on the changed installed candidate; retain paired terminal/message/state evidence.
CA04	PASS	1	legacy_webrtc	REGRESSION	iPhone to Android video cancel before answer		Rerun the original assertions on the changed installed candidate; retain paired terminal/message/state evidence.
DE01	PASS	1	legacy_webrtc	REGRESSION	Android to iPhone voice decline		Rerun the original assertions on the changed installed candidate; retain paired terminal/message/state evidence.
DE02	PASS	1	legacy_webrtc	REGRESSION	Android to iPhone video decline		Rerun the original assertions on the changed installed candidate; retain paired terminal/message/state evidence.
DE03	FAIL	2	not_persisted	D4	iPhone to Android voice decline		Recover sanitized dispatch/RPC failure; authoritative invite/room readback; reproduce ambiguous-write/concurrent-start setup locally.
DE04	PASS	1	legacy_webrtc	REGRESSION	iPhone to Android video decline		Rerun the original assertions on the changed installed candidate; retain paired terminal/message/state evidence.
EX01	PASS	1	legacy_webrtc	REGRESSION	Android to iPhone voice expiry and late Answer		Rerun the original assertions on the changed installed candidate; retain paired terminal/message/state evidence.
EX02	PASS	1	legacy_webrtc	REGRESSION	Android to iPhone video expiry and late Answer		Rerun the original assertions on the changed installed candidate; retain paired terminal/message/state evidence.
EX03	PASS	1	legacy_webrtc	REGRESSION	iPhone to Android voice expiry and late Answer		Rerun the original assertions on the changed installed candidate; retain paired terminal/message/state evidence.
EX04	PASS	1	legacy_webrtc	REGRESSION	iPhone to Android video expiry and late Answer		Rerun the original assertions on the changed installed candidate; retain paired terminal/message/state evidence.
EN01	DEPENDENCY BLOCKED	1	legacy_webrtc	D6	Android to iPhone voice; Android End and repeated End	Active-call prerequisite failed at the native preparation boundary	Native handoff failure remains open; test real cold/hydrated JS, exact UUID/account and audio activation; then End/real media.
EN02	DEPENDENCY BLOCKED	1	legacy_webrtc	D6	Android to iPhone voice; iPhone End and repeated End	Active-call prerequisite failed at the native preparation boundary	Native handoff failure remains open; test real cold/hydrated JS, exact UUID/account and audio activation; then End/real media.
EN03	PASS	1	legacy_webrtc	REGRESSION	Android to iPhone video; Android End and repeated End		Rerun the original assertions on the changed installed candidate; retain paired terminal/message/state evidence.
EN04	DEPENDENCY BLOCKED	1	legacy_webrtc	D6	Android to iPhone video; iPhone End and repeated End	Active-call prerequisite failed at the iPhone native handoff boundary	Native handoff failure remains open; test real cold/hydrated JS, exact UUID/account and audio activation; then End/real media.
EN05	PASS	1	legacy_webrtc	REGRESSION	iPhone to Android voice; iPhone End and repeated End		Rerun the original assertions on the changed installed candidate; retain paired terminal/message/state evidence.
EN06	PASS	1	legacy_webrtc	REGRESSION	iPhone to Android voice; Android End and repeated End		Rerun the original assertions on the changed installed candidate; retain paired terminal/message/state evidence.
EN07	PASS	1	legacy_webrtc	REGRESSION	iPhone to Android video; iPhone End and repeated End		Rerun the original assertions on the changed installed candidate; retain paired terminal/message/state evidence.
EN08	PASS	1	legacy_webrtc	REGRESSION	iPhone to Android video; Android End and repeated End		Rerun the original assertions on the changed installed candidate; retain paired terminal/message/state evidence.
MC01	DEPENDENCY BLOCKED	1	legacy_webrtc	PREREQUISITE	Android mic cycles in voice call	No consenting physical observer was present to attest actual audio	Repeat original scenario with consenting physical audio/motion observation or independent physical test rig; collect receiver and cleanup evidence.
MC02	FAIL	1	legacy_webrtc	D1	iPhone mic cycles in voice call		Reproduce with correlated iOS audio-session, track/sender, durable-write and rollback trace; repair then physical retest.
MC03	DEPENDENCY BLOCKED	1	legacy_webrtc	PREREQUISITE	Android mic cycles in video call	No consenting physical observer was present to attest actual outgoing audio	Repeat original scenario with consenting physical audio/motion observation or independent physical test rig; collect receiver and cleanup evidence.
MC04	FAIL	1	legacy_webrtc	D1	iPhone mic cycles in video call		Reproduce with correlated iOS audio-session, track/sender, durable-write and rollback trace; repair then physical retest.
CM01	FAIL	2	legacy_webrtc	D2	Android camera off/on in Android-originated video		Camera-off rendering repaired in source; install/retest. Flip remains open; collect capture/encoder/sender/decoder/render progression.
CM02	FAIL	1	legacy_webrtc	D2	Android camera flip in Android-originated video		Camera-off rendering repaired in source; install/retest. Flip remains open; collect capture/encoder/sender/decoder/render progression.
CM03	FAIL	1	legacy_webrtc	D2	iPhone camera off/on in iPhone-originated video		Camera-off rendering repaired in source; install/retest. Flip remains open; collect capture/encoder/sender/decoder/render progression.
CM04	FAIL	1	legacy_webrtc	D2	iPhone camera flip in iPhone-originated video		Camera-off rendering repaired in source; install/retest. Flip remains open; collect capture/encoder/sender/decoder/render progression.
PR01	DEPENDENCY BLOCKED	0	legacy_webrtc	PREREQUISITE	Android absent/returns during voice	Faithful controllable peer-loss prerequisite unavailable	Provide controlled network interruption preserving observer access; correlate peer loss, state, reconnect and real media.
PR02	DEPENDENCY BLOCKED	0	legacy_webrtc	PREREQUISITE	iPhone absent/returns during voice	Faithful controllable peer-loss prerequisite unavailable	Provide controlled network interruption preserving observer access; correlate peer loss, state, reconnect and real media.
PR03	DEPENDENCY BLOCKED	0	legacy_webrtc	PREREQUISITE	Android absent/returns during video	Faithful controllable peer-loss prerequisite unavailable	Provide controlled network interruption preserving observer access; correlate peer loss, state, reconnect and real media.
PR04	DEPENDENCY BLOCKED	1	legacy_webrtc	PREREQUISITE	iPhone absent/returns during video	Plain network-loss variant unavailable; real media unobserved	Provide controlled network interruption preserving observer access; correlate peer loss, state, reconnect and real media.
BG01	DEPENDENCY BLOCKED	1	legacy_webrtc	PREREQUISITE	Android background/resume during voice	No consenting physical observer was present to attest audio continuity	Repeat original scenario with consenting physical audio/motion observation or independent physical test rig; collect receiver and cleanup evidence.
BG02	DEPENDENCY BLOCKED	0	legacy_webrtc	PREREQUISITE	iPhone background/resume during voice	Audible background-media prerequisite unavailable	Repeat original scenario with consenting physical audio/motion observation or independent physical test rig; collect receiver and cleanup evidence.
BG03	DEPENDENCY BLOCKED	2	legacy_webrtc	PREREQUISITE	Android background/resume during video	No on-site movement/audio observation was available	Repeat original scenario with consenting physical audio/motion observation or independent physical test rig; collect receiver and cleanup evidence.
BG04	DEPENDENCY BLOCKED	0	legacy_webrtc	PREREQUISITE	iPhone background/resume during video	Real media observation prerequisite unavailable	Repeat original scenario with consenting physical audio/motion observation or independent physical test rig; collect receiver and cleanup evidence.
LK01	DEPENDENCY BLOCKED	0	legacy_webrtc	PREREQUISITE	Android lock/unlock during voice	Authorized human unlock unavailable	Owner performs lock/unlock; verify media privacy/recovery and output; no automated passcode entry.
LK02	DEPENDENCY BLOCKED	0	legacy_webrtc	PREREQUISITE	iPhone lock/unlock during voice	Authorized human unlock unavailable	Owner performs lock/unlock; verify media privacy/recovery and output; no automated passcode entry.
LK03	DEPENDENCY BLOCKED	0	legacy_webrtc	PREREQUISITE	Android lock/unlock during video	Authorized human unlock unavailable	Owner performs lock/unlock; verify media privacy/recovery and output; no automated passcode entry.
LK04	DEPENDENCY BLOCKED	0	legacy_webrtc	PREREQUISITE	iPhone lock/unlock during video	Authorized human unlock unavailable	Owner performs lock/unlock; verify media privacy/recovery and output; no automated passcode entry.
PM01	PASS	1	legacy_webrtc	REGRESSION	Android microphone denial and Settings recovery		Rerun the original assertions on the changed installed candidate; retain paired terminal/message/state evidence.
PM02	FAIL	1	legacy_webrtc	D1	iPhone microphone denial and Settings recovery		Reproduce with correlated iOS audio-session, track/sender, durable-write and rollback trace; repair then physical retest.
PC01	PASS	1	legacy_webrtc	REGRESSION	Android camera denial and Settings recovery		Rerun the original assertions on the changed installed candidate; retain paired terminal/message/state evidence.
PC02	DEPENDENCY BLOCKED	1	legacy_webrtc	D8	iPhone camera denial and Settings recovery	No on-site movement observer was available	Define actual peer-expiry policy; measure OS termination, remote loss and rejoin; verify moving video after Settings restoration.
AR01	DEPENDENCY BLOCKED	0	legacy_webrtc	PREREQUISITE	Android speaker/earpiece during voice	Unsupported legacy app-owned control	Product decision for unsupported legacy Android route control; implementation and native route proof if included in scope.
AR02	DEPENDENCY BLOCKED	1	legacy_webrtc	PREREQUISITE	iPhone speaker/earpiece during voice	No consenting on-site observer was available for audio-route proof	Observe actual receiver/speaker output with a consenting listener; UI selection alone is insufficient.
AR03	DEPENDENCY BLOCKED	0	legacy_webrtc	PREREQUISITE	Android speaker routing during video	Unsupported legacy app-owned control	Product decision for unsupported legacy Android route control; implementation and native route proof if included in scope.
AR04	DEPENDENCY BLOCKED	0	legacy_webrtc	PREREQUISITE	iPhone speaker routing during video	Audible route-proof prerequisite unavailable	Observe actual receiver/speaker output with a consenting listener; UI selection alone is insufficient.
BT01	DEPENDENCY BLOCKED	0	legacy_webrtc	PREREQUISITE	Android Bluetooth interruption	Physical Bluetooth accessory unavailable	Provide intended paired Bluetooth accessory and consenting listener; verify output routing, interruption and recovery.
BT02	DEPENDENCY BLOCKED	0	legacy_webrtc	PREREQUISITE	iPhone Bluetooth interruption	Physical Bluetooth accessory unavailable	Provide intended paired Bluetooth accessory and consenting listener; verify output routing, interruption and recovery.
FI01	DEPENDENCY BLOCKED	1	legacy_webrtc	PREREQUISITE	Immediate fresh Android to iPhone voice after cleanup	No consenting on-site audio observer was available	Repeat original scenario with consenting physical audio/motion observation or independent physical test rig; collect receiver and cleanup evidence.
FI02	DEPENDENCY BLOCKED	1	legacy_webrtc	PREREQUISITE	Immediate fresh Android to iPhone video after cleanup	No consenting on-site observer was available	Repeat original scenario with consenting physical audio/motion observation or independent physical test rig; collect receiver and cleanup evidence.
FI03	DEPENDENCY BLOCKED	1	legacy_webrtc	PREREQUISITE	Immediate fresh iPhone to Android voice after cleanup	No consenting physical observer was present to attest two-way audible speech	Repeat original scenario with consenting physical audio/motion observation or independent physical test rig; collect receiver and cleanup evidence.
FI04	DEPENDENCY BLOCKED	1	legacy_webrtc	PREREQUISITE	Immediate fresh iPhone to Android video after cleanup	No consenting on-site observer was available	Repeat original scenario with consenting physical audio/motion observation or independent physical test rig; collect receiver and cleanup evidence.
FS01	DEPENDENCY BLOCKED	1	legacy_webrtc	PREREQUISITE	Settled fresh Android to iPhone voice	No consenting on-site audio observer was available	Repeat original scenario with consenting physical audio/motion observation or independent physical test rig; collect receiver and cleanup evidence.
FS02	DEPENDENCY BLOCKED	1	legacy_webrtc	PREREQUISITE	Settled fresh Android to iPhone video	No consenting on-site observer was available	Repeat original scenario with consenting physical audio/motion observation or independent physical test rig; collect receiver and cleanup evidence.
FS03	DEPENDENCY BLOCKED	1	legacy_webrtc	PREREQUISITE	Settled fresh iPhone to Android voice	No consenting on-site observer was available	Repeat original scenario with consenting physical audio/motion observation or independent physical test rig; collect receiver and cleanup evidence.
FS04	DEPENDENCY BLOCKED	1	legacy_webrtc	PREREQUISITE	Settled fresh iPhone to Android video	No consenting on-site observer was available	Repeat original scenario with consenting physical audio/motion observation or independent physical test rig; collect receiver and cleanup evidence.
SR01	DEPENDENCY BLOCKED	0	legacy_webrtc	PREREQUISITE	Android to iPhone same-membership voice replacement	Required same-membership reuse is not reachable without forbidden backend mutation	Exercise exact-generation reuse in disposable integration; preserve production UI unreachability as explicit applicability decision.
SR02	DEPENDENCY BLOCKED	0	legacy_webrtc	PREREQUISITE	Android to iPhone same-membership video replacement	Required same-membership reuse is not reachable without forbidden backend mutation	Exercise exact-generation reuse in disposable integration; preserve production UI unreachability as explicit applicability decision.
SR03	DEPENDENCY BLOCKED	0	legacy_webrtc	PREREQUISITE	iPhone to Android same-membership voice replacement	Required same-membership reuse is not reachable without forbidden backend mutation	Exercise exact-generation reuse in disposable integration; preserve production UI unreachability as explicit applicability decision.
SR04	DEPENDENCY BLOCKED	0	legacy_webrtc	PREREQUISITE	iPhone to Android same-membership video replacement	Required same-membership reuse is not reachable without forbidden backend mutation	Exercise exact-generation reuse in disposable integration; preserve production UI unreachability as explicit applicability decision.
AC01	DEPENDENCY BLOCKED	0	legacy_webrtc	PREREQUISITE	Android account replacement while voice work settles	Third authorized identity unavailable	Provide authorized replacement account/device; hold old work; verify old completion cannot change new account or capture.
AC02	DEPENDENCY BLOCKED	0	legacy_webrtc	PREREQUISITE	Android account replacement while video work settles	Third authorized identity unavailable	Provide authorized replacement account/device; hold old work; verify old completion cannot change new account or capture.
AC03	DEPENDENCY BLOCKED	0	legacy_webrtc	PREREQUISITE	iPhone account replacement while voice work settles	Third authorized identity unavailable	Provide authorized replacement account/device; hold old work; verify old completion cannot change new account or capture.
AC04	DEPENDENCY BLOCKED	0	legacy_webrtc	PREREQUISITE	iPhone account replacement while video work settles	Third authorized identity unavailable	Provide authorized replacement account/device; hold old work; verify old completion cannot change new account or capture.
MS01	PASS	1	legacy_webrtc	REGRESSION	Android to iPhone messaging before/after cancel		Rerun the original assertions on the changed installed candidate; retain paired terminal/message/state evidence.
MS02	PASS	1	legacy_webrtc	REGRESSION	iPhone to Android messaging before/after cancel		Rerun the original assertions on the changed installed candidate; retain paired terminal/message/state evidence.
MS03	PASS	1	legacy_webrtc	REGRESSION	Android to iPhone messaging before/after decline		Rerun the original assertions on the changed installed candidate; retain paired terminal/message/state evidence.
MS04	PASS	1	legacy_webrtc	REGRESSION	iPhone to Android messaging before/after decline		Rerun the original assertions on the changed installed candidate; retain paired terminal/message/state evidence.
MS05	PASS	1	legacy_webrtc	REGRESSION	Android to iPhone messaging before/after End		Rerun the original assertions on the changed installed candidate; retain paired terminal/message/state evidence.
MS06	PASS	1	legacy_webrtc	REGRESSION	iPhone to Android messaging before/after End		Rerun the original assertions on the changed installed candidate; retain paired terminal/message/state evidence.
MS07	PASS	1	legacy_webrtc	REGRESSION	Android to iPhone messaging around replacement		Rerun the original assertions on the changed installed candidate; retain paired terminal/message/state evidence.
MS08	PASS	1	legacy_webrtc	REGRESSION	iPhone to Android messaging around replacement		Rerun the original assertions on the changed installed candidate; retain paired terminal/message/state evidence.
RB01	FAIL	1	legacy_webrtc	D7	Android background before mic recovery starts		Foreground-intent loss repaired in source; verify native eligibility, install and prove automatic physical microphone capture.
RB02	DEPENDENCY BLOCKED	0	legacy_webrtc	PREREQUISITE	Android background while mic recovery pending	Precise native pending race not safely inducible	Deterministically hold native operation in controlled test build/local fixture; verify latest intent and cleanup; physical stress remains separate.
RB03	FAIL	1	legacy_webrtc	D7	Android foreground before mic recovery settles		Foreground-intent loss repaired in source; verify native eligibility, install and prove automatic physical microphone capture.
RB04	DEPENDENCY BLOCKED	0	legacy_webrtc	D1	iPhone background before mic recovery starts	Healthy recoverable iPhone microphone state unavailable	Reproduce with correlated iOS audio-session, track/sender, durable-write and rollback trace; repair then physical retest.
RB05	DEPENDENCY BLOCKED	0	legacy_webrtc	D1	iPhone background while mic recovery pending	Precise native pending race not safely inducible	Reproduce with correlated iOS audio-session, track/sender, durable-write and rollback trace; repair then physical retest.
RB06	DEPENDENCY BLOCKED	0	legacy_webrtc	D1	iPhone foreground before mic recovery settles	Precise native pending race not safely inducible	Reproduce with correlated iOS audio-session, track/sender, durable-write and rollback trace; repair then physical retest.
D5	DEPENDENCY BLOCKED	2	legacy_webrtc	D6	Native Answer handoff: native transaction/current UUID to current account/JS readiness, server acceptance, correct thread, real negotiation/media, cleanup	No consenting physical observer was present to attest actual bidirectional audio	Native handoff failure remains open; test real cold/hydrated JS, exact UUID/account and audio activation; then End/real media.
